timestamp,endpoint,status,response_time_ms
2025-08-29T14:20:16.576563,/,OK,196.6
2025-08-29T14:20:16.576563,/health,OK,158.5
2025-08-29T14:20:16.576563,/docs,OK,151.3
2025-08-29T14:20:16.576563,WS Handshake,OK,122.8
2025-08-29T14:20:16.576563,WS Message,OK,1.1
2025-08-29T15:41:51.920569,/,OK,319.9
2025-08-29T15:41:51.920569,/health,OK,299.5
2025-08-29T15:41:51.920569,/docs,OK,305.2
2025-08-29T15:41:51.920569,WS Handshake,OK,275.5
2025-08-29T15:41:51.920569,WS Message,OK,0.1
2025-08-29T17:24:13.356781,/,OK,308.7
2025-08-29T17:24:13.356781,/health,OK,436.7
2025-08-29T17:24:13.356781,/docs,OK,294.8
2025-08-29T17:24:13.356781,WS Handshake,OK,514.0
2025-08-29T17:24:13.356781,WS Message,OK,32.1
2025-08-29T17:32:11.530091,/,OK,328.5
2025-08-29T17:32:11.530091,/health,OK,332.0
2025-08-29T17:32:11.530091,/docs,OK,310.0
2025-08-29T17:32:11.530091,WS Handshake,OK,332.5
2025-08-29T17:32:11.530091,WS Message,OK,0.1
2025-08-29T17:52:17.285846,/,OK,241.6
2025-08-29T17:52:17.285846,/health,OK,140.3
2025-08-29T17:52:17.285846,/docs,OK,167.8
2025-08-29T17:52:17.285846,WS Handshake,OK,220.1
2025-08-29T17:52:17.285846,WS Message,OK,13.9
2025-08-29T18:01:17.887769,/,OK,329.2
2025-08-29T18:01:17.887769,/health,OK,293.5
2025-08-29T18:01:17.887769,/docs,OK,293.0
2025-08-29T18:01:17.887769,WS Handshake,OK,310.6
2025-08-29T18:01:17.887769,WS Message,OK,0.1
2025-08-29T18:07:46.329658,/,OK,75.9
2025-08-29T18:07:46.329658,/health,OK,72.6
2025-08-29T18:07:46.329658,/docs,OK,60.7
2025-08-29T18:07:46.329658,WS Handshake,OK,53.5
2025-08-29T18:07:46.329658,WS Message,OK,0.1
2025-08-29T18:11:32.539745,/,OK,157.1
2025-08-29T18:11:32.539745,/health,OK,151.6
2025-08-29T18:11:32.539745,/docs,OK,150.3
2025-08-29T18:11:32.539745,WS Handshake,OK,126.0
2025-08-29T18:11:32.539745,WS Message,OK,0.1
2025-08-29T18:27:20.281600,/,OK,82.0
2025-08-29T18:27:20.281600,/health,OK,88.6
2025-08-29T18:27:20.281600,/docs,OK,72.9
2025-08-29T18:27:20.281600,WS Handshake,OK,84.8
2025-08-29T18:27:20.281600,WS Message,OK,0.1
2025-08-29T18:30:08.161522,/,OK,239.0
2025-08-29T18:30:08.161522,/health,OK,223.9
2025-08-29T18:30:08.161522,/docs,OK,241.4
2025-08-29T18:30:08.161522,WS Handshake,OK,214.3
2025-08-29T18:30:08.161522,WS Message,OK,0.3
2025-08-29T18:36:16.125741,/,OK,212.6
2025-08-29T18:36:16.125741,/health,OK,196.3
2025-08-29T18:36:16.125741,/docs,OK,194.6
2025-08-29T18:36:16.125741,WS Handshake,OK,174.1
2025-08-29T18:36:16.125741,WS Message,OK,0.1
2025-08-30T02:32:34.870407,/,OK,546.9
2025-08-30T02:32:34.870407,/health,OK,594.7
2025-08-30T02:32:34.870407,/docs,OK,250.4
2025-08-30T02:32:34.870407,WS Handshake,OK,452.1
2025-08-30T02:32:34.870407,WS Message,OK,19.2
2025-08-31T02:36:57.988715,/,OK,359.2
2025-08-31T02:36:57.988715,/health,OK,72.2
2025-08-31T02:36:57.988715,/docs,OK,45.1
2025-08-31T02:36:57.988715,WS Handshake,OK,215.9
2025-08-31T02:36:57.988715,WS Message,OK,10.0
2025-09-01T02:43:27.577797,/,OK,475.6
2025-09-01T02:43:27.577797,/health,OK,267.4
2025-09-01T02:43:27.577797,/docs,OK,197.5
2025-09-01T02:43:27.577797,WS Handshake,OK,410.3
2025-09-01T02:43:27.577797,WS Message,OK,7.4
2025-09-02T02:37:26.585089,/,OK,593.8
2025-09-02T02:37:26.585089,/health,OK,578.3
2025-09-02T02:37:26.585089,/docs,OK,434.4
2025-09-02T02:37:26.585089,WS Handshake,OK,2508.1
2025-09-02T02:37:26.585089,WS Message,OK,35.1
2025-09-03T02:32:59.544965,/,OK,5947.6
2025-09-03T02:32:59.544965,/health,OK,133.2
2025-09-03T02:32:59.544965,/docs,OK,134.6
2025-09-03T02:32:59.544965,WS Handshake,OK,150.8
2025-09-03T02:32:59.544965,WS Message,OK,5.4
2025-09-04T02:33:49.452118,/,"ERROR(HTTPSConnectionPool(host='permitflow-ai-demo.azurewebsites.net', port=443): Read timed out. (read timeout=10))",10191.7
2025-09-04T02:33:49.452118,/health,"ERROR(HTTPSConnectionPool(host='permitflow-ai-demo.azurewebsites.net', port=443): Read timed out. (read timeout=10))",10182.9
2025-09-04T02:33:49.452118,/docs,OK,784.3
2025-09-04T02:33:49.452118,WS Handshake,OK,243.3
2025-09-04T02:33:49.452118,WS Message,OK,7.8
2025-09-05T02:34:57.743863,/,"ERROR(HTTPSConnectionPool(host='permitflow-ai-demo.azurewebsites.net', port=443): Read timed out. (read timeout=10))",10209.1
2025-09-05T02:34:57.743863,/health,OK,9445.8
2025-09-05T02:34:57.743863,/docs,OK,226.2
2025-09-05T02:34:57.743863,WS Handshake,OK,811.4
2025-09-05T02:34:57.743863,WS Message,OK,9.1
2025-09-06T02:31:36.736783,/,OK,940.0
2025-09-06T02:31:36.736783,/health,OK,160.9
2025-09-06T02:31:36.736783,/docs,OK,134.3
2025-09-06T02:31:36.736783,WS Handshake,OK,206.8
2025-09-06T02:31:36.736783,WS Message,OK,5.2
2025-09-07T02:36:19.962957,/,OK,91.3
2025-09-07T02:36:19.962957,/health,OK,59.4
2025-09-07T02:36:19.962957,/docs,OK,38.2
2025-09-07T02:36:19.962957,WS Handshake,OK,51.5
2025-09-07T02:36:19.962957,WS Message,OK,0.1
2025-09-08T02:38:08.290775,/,OK,711.9
2025-09-08T02:38:08.290775,/health,OK,238.0
2025-09-08T02:38:08.290775,/docs,OK,147.4
2025-09-08T02:38:08.290775,WS Handshake,OK,604.9
2025-09-08T02:38:08.290775,WS Message,OK,25.8
2025-09-09T02:36:05.555832,/,OK,609.6
2025-09-09T02:36:05.555832,/health,OK,143.7
2025-09-09T02:36:05.555832,/docs,OK,123.7
2025-09-09T02:36:05.555832,WS Handshake,OK,522.1
2025-09-09T02:36:05.555832,WS Message,OK,63.4
2025-09-11T14:30:23.549937,/,OK,242.6
2025-09-11T14:30:23.549937,/health,OK,214.5
2025-09-11T14:30:23.549937,/docs,OK,210.4
2025-09-11T14:30:23.549937,WebSocket,"ERROR(Handshake status 403 Forbidden -+-+- {'content-length': '0', 'content-type': 'text/plain', 'date': 'Thu, 11 Sep 2025 14:30:24 GMT', 'set-cookie': 'ARRAffinity=43631460bf86d7f40d5b93bbd6d2c1c23daa6bc69ba1ff6fc850102219312bc3;Path=/;HttpOnly;Secure;Domain=permitflow-ai-demo.azurewebsites.net; ARRAffinitySameSite=43631460bf86d7f40d5b93bbd6d2c1c23daa6bc69ba1ff6fc850102219312bc3;Path=/;HttpOnly;SameSite=None;Secure;Domain=permitflow-ai-demo.azurewebsites.net'} -+-+- b'')",0.0
2025-09-12T02:32:47.363220,/,OK,281.2
2025-09-12T02:32:47.363220,/health,OK,215.3
2025-09-12T02:32:47.363220,/docs,OK,192.2
2025-09-12T02:32:47.363220,WebSocket,"ERROR(Handshake status 403 Forbidden -+-+- {'content-length': '0', 'content-type': 'text/plain', 'date': 'Fri, 12 Sep 2025 02:32:48 GMT', 'set-cookie': 'ARRAffinity=43631460bf86d7f40d5b93bbd6d2c1c23daa6bc69ba1ff6fc850102219312bc3;Path=/;HttpOnly;Secure;Domain=permitflow-ai-demo.azurewebsites.net; ARRAffinitySameSite=43631460bf86d7f40d5b93bbd6d2c1c23daa6bc69ba1ff6fc850102219312bc3;Path=/;HttpOnly;SameSite=None;Secure;Domain=permitflow-ai-demo.azurewebsites.net'} -+-+- b'')",0.0
2025-09-13T02:27:50.098001,/,OK,226.5
2025-09-13T02:27:50.098001,/health,OK,194.7
2025-09-13T02:27:50.098001,/docs,OK,218.3
2025-09-13T02:27:50.098001,WebSocket,"ERROR(Handshake status 403 Forbidden -+-+- {'content-length': '0', 'content-type': 'text/plain', 'date': 'Sat, 13 Sep 2025 02:27:51 GMT', 'set-cookie': 'ARRAffinity=43631460bf86d7f40d5b93bbd6d2c1c23daa6bc69ba1ff6fc850102219312bc3;Path=/;HttpOnly;Secure;Domain=permitflow-ai-demo.azurewebsites.net; ARRAffinitySameSite=43631460bf86d7f40d5b93bbd6d2c1c23daa6bc69ba1ff6fc850102219312bc3;Path=/;HttpOnly;SameSite=None;Secure;Domain=permitflow-ai-demo.azurewebsites.net'} -+-+- b'')",0.0
2025-09-14T02:36:31.040314,/,OK,60.7
2025-09-14T02:36:31.040314,/health,OK,41.4
2025-09-14T02:36:31.040314,/docs,OK,54.6
2025-09-14T02:36:31.040314,WebSocket,"ERROR(Handshake status 403 Forbidden -+-+- {'content-length': '0', 'content-type': 'text/plain', 'date': 'Sun, 14 Sep 2025 02:36:31 GMT', 'set-cookie': 'ARRAffinity=43631460bf86d7f40d5b93bbd6d2c1c23daa6bc69ba1ff6fc850102219312bc3;Path=/;HttpOnly;Secure;Domain=permitflow-ai-demo.azurewebsites.net; ARRAffinitySameSite=43631460bf86d7f40d5b93bbd6d2c1c23daa6bc69ba1ff6fc850102219312bc3;Path=/;HttpOnly;SameSite=None;Secure;Domain=permitflow-ai-demo.azurewebsites.net'} -+-+- b'')",0.0
2025-09-15T02:38:24.364908,/,OK,117.6
2025-09-15T02:38:24.364908,/health,OK,98.6
2025-09-15T02:38:24.364908,/docs,OK,111.6
2025-09-15T02:38:24.364908,WebSocket,"ERROR(Handshake status 403 Forbidden -+-+- {'content-length': '0', 'content-type': 'text/plain', 'date': 'Mon, 15 Sep 2025 02:38:24 GMT', 'set-cookie': 'ARRAffinity=43631460bf86d7f40d5b93bbd6d2c1c23daa6bc69ba1ff6fc850102219312bc3;Path=/;HttpOnly;Secure;Domain=permitflow-ai-demo.azurewebsites.net; ARRAffinitySameSite=43631460bf86d7f40d5b93bbd6d2c1c23daa6bc69ba1ff6fc850102219312bc3;Path=/;HttpOnly;SameSite=None;Secure;Domain=permitflow-ai-demo.azurewebsites.net'} -+-+- b'')",0.0
2025-09-16T02:33:34.947362,/,OK,71.4
2025-09-16T02:33:34.947362,/health,OK,134.6
2025-09-16T02:33:34.947362,/docs,OK,122.1
2025-09-16T02:33:34.947362,WebSocket,"ERROR(Handshake status 403 Forbidden -+-+- {'content-length': '0', 'content-type': 'text/plain', 'date': 'Tue, 16 Sep 2025 02:33:35 GMT', 'set-cookie': 'ARRAffinity=43631460bf86d7f40d5b93bbd6d2c1c23daa6bc69ba1ff6fc850102219312bc3;Path=/;HttpOnly;Secure;Domain=permitflow-ai-demo.azurewebsites.net; ARRAffinitySameSite=43631460bf86d7f40d5b93bbd6d2c1c23daa6bc69ba1ff6fc850102219312bc3;Path=/;HttpOnly;SameSite=None;Secure;Domain=permitflow-ai-demo.azurewebsites.net'} -+-+- b'')",0.0
2025-09-17T02:33:31.368889,/,OK,260.9
2025-09-17T02:33:31.368889,/health,OK,214.6
2025-09-17T02:33:31.368889,/docs,OK,209.7
2025-09-17T02:33:31.368889,WebSocket,"ERROR(Handshake status 403 Forbidden -+-+- {'content-length': '0', 'content-type': 'text/plain', 'date': 'Wed, 17 Sep 2025 02:33:32 GMT', 'set-cookie': 'ARRAffinity=43631460bf86d7f40d5b93bbd6d2c1c23daa6bc69ba1ff6fc850102219312bc3;Path=/;HttpOnly;Secure;Domain=permitflow-ai-demo.azurewebsites.net; ARRAffinitySameSite=43631460bf86d7f40d5b93bbd6d2c1c23daa6bc69ba1ff6fc850102219312bc3;Path=/;HttpOnly;SameSite=None;Secure;Domain=permitflow-ai-demo.azurewebsites.net'} -+-+- b'')",0.0
2025-09-18T02:34:14.162625,/,OK,119.3
2025-09-18T02:34:14.162625,/health,OK,107.1
2025-09-18T02:34:14.162625,/docs,OK,96.1
2025-09-18T02:34:14.162625,WebSocket,"ERROR(Handshake status 403 Forbidden -+-+- {'content-length': '0', 'content-type': 'text/plain', 'date': 'Thu, 18 Sep 2025 02:34:14 GMT', 'set-cookie': 'ARRAffinity=43631460bf86d7f40d5b93bbd6d2c1c23daa6bc69ba1ff6fc850102219312bc3;Path=/;HttpOnly;Secure;Domain=permitflow-ai-demo.azurewebsites.net; ARRAffinitySameSite=43631460bf86d7f40d5b93bbd6d2c1c23daa6bc69ba1ff6fc850102219312bc3;Path=/;HttpOnly;SameSite=None;Secure;Domain=permitflow-ai-demo.azurewebsites.net'} -+-+- b'')",0.0
2025-09-19T02:36:04.509052,/,OK,132.7
2025-09-19T02:36:04.509052,/health,OK,146.6
2025-09-19T02:36:04.509052,/docs,OK,132.0
2025-09-19T02:36:04.509052,WebSocket,"ERROR(Handshake status 403 Forbidden -+-+- {'content-length': '0', 'content-type': 'text/plain', 'date': 'Fri, 19 Sep 2025 02:36:05 GMT', 'set-cookie': 'ARRAffinity=43631460bf86d7f40d5b93bbd6d2c1c23daa6bc69ba1ff6fc850102219312bc3;Path=/;HttpOnly;Secure;Domain=permitflow-ai-demo.azurewebsites.net; ARRAffinitySameSite=43631460bf86d7f40d5b93bbd6d2c1c23daa6bc69ba1ff6fc850102219312bc3;Path=/;HttpOnly;SameSite=None;Secure;Domain=permitflow-ai-demo.azurewebsites.net'} -+-+- b'')",0.0
2025-09-20T02:32:05.477889,/,OK,294.9
2025-09-20T02:32:05.477889,/health,OK,213.8
2025-09-20T02:32:05.477889,/docs,OK,212.4
2025-09-20T02:32:05.477889,WebSocket,"ERROR(Handshake status 403 Forbidden -+-+- {'content-length': '0', 'content-type': 'text/plain', 'date': 'Sat, 20 Sep 2025 02:32:06 GMT', 'set-cookie': 'ARRAffinity=43631460bf86d7f40d5b93bbd6d2c1c23daa6bc69ba1ff6fc850102219312bc3;Path=/;HttpOnly;Secure;Domain=permitflow-ai-demo.azurewebsites.net; ARRAffinitySameSite=43631460bf86d7f40d5b93bbd6d2c1c23daa6bc69ba1ff6fc850102219312bc3;Path=/;HttpOnly;SameSite=None;Secure;Domain=permitflow-ai-demo.azurewebsites.net'} -+-+- b'')",0.0
2025-09-21T02:38:36.167506,/,OK,114.7
2025-09-21T02:38:36.167506,/health,OK,46.3
2025-09-21T02:38:36.167506,/docs,OK,40.0
2025-09-21T02:38:36.167506,WebSocket,"ERROR(Handshake status 403 Forbidden -+-+- {'content-length': '0', 'content-type': 'text/plain', 'date': 'Sun, 21 Sep 2025 02:38:36 GMT', 'set-cookie': 'ARRAffinity=bfe0b4904ee712154a7807f0d865b33119ca15a3b3c38ad02f4f334a0cb09683;Path=/;HttpOnly;Secure;Domain=permitflow-ai-demo.azurewebsites.net; ARRAffinitySameSite=bfe0b4904ee712154a7807f0d865b33119ca15a3b3c38ad02f4f334a0cb09683;Path=/;HttpOnly;SameSite=None;Secure;Domain=permitflow-ai-demo.azurewebsites.net'} -+-+- b'')",0.0
2025-09-22T02:38:34.589832,/,OK,32.4
2025-09-22T02:38:34.589832,/health,OK,16.6
2025-09-22T02:38:34.589832,/docs,OK,17.2
2025-09-22T02:38:34.589832,WebSocket,"ERROR(Handshake status 403 Forbidden -+-+- {'content-length': '0', 'content-type': 'text/plain', 'date': 'Mon, 22 Sep 2025 02:38:34 GMT', 'set-cookie': 'ARRAffinity=bfe0b4904ee712154a7807f0d865b33119ca15a3b3c38ad02f4f334a0cb09683;Path=/;HttpOnly;Secure;Domain=permitflow-ai-demo.azurewebsites.net; ARRAffinitySameSite=bfe0b4904ee712154a7807f0d865b33119ca15a3b3c38ad02f4f334a0cb09683;Path=/;HttpOnly;SameSite=None;Secure;Domain=permitflow-ai-demo.azurewebsites.net'} -+-+- b'')",0.0
2025-09-23T02:34:09.782311,/,OK,57.5
2025-09-23T02:34:09.782311,/health,OK,38.5
2025-09-23T02:34:09.782311,/docs,OK,34.6
2025-09-23T02:34:09.782311,WebSocket,"ERROR(Handshake status 403 Forbidden -+-+- {'content-length': '0', 'content-type': 'text/plain', 'date': 'Tue, 23 Sep 2025 02:34:10 GMT', 'set-cookie': 'ARRAffinity=bfe0b4904ee712154a7807f0d865b33119ca15a3b3c38ad02f4f334a0cb09683;Path=/;HttpOnly;Secure;Domain=permitflow-ai-demo.azurewebsites.net; ARRAffinitySameSite=bfe0b4904ee712154a7807f0d865b33119ca15a3b3c38ad02f4f334a0cb09683;Path=/;HttpOnly;SameSite=None;Secure;Domain=permitflow-ai-demo.azurewebsites.net'} -+-+- b'')",0.0
2025-09-24T02:34:59.851965,/,OK,213.8
2025-09-24T02:34:59.851965,/health,OK,249.6
2025-09-24T02:34:59.851965,/docs,OK,210.0
2025-09-24T02:34:59.851965,WebSocket,"ERROR(Handshake status 403 Forbidden -+-+- {'content-length': '0', 'content-type': 'text/plain', 'date': 'Wed, 24 Sep 2025 02:35:00 GMT', 'set-cookie': 'ARRAffinity=bfe0b4904ee712154a7807f0d865b33119ca15a3b3c38ad02f4f334a0cb09683;Path=/;HttpOnly;Secure;Domain=permitflow-ai-demo.azurewebsites.net; ARRAffinitySameSite=bfe0b4904ee712154a7807f0d865b33119ca15a3b3c38ad02f4f334a0cb09683;Path=/;HttpOnly;SameSite=None;Secure;Domain=permitflow-ai-demo.azurewebsites.net'} -+-+- b'')",0.0
2025-09-25T02:36:24.099012,/,OK,271.2
2025-09-25T02:36:24.099012,/health,OK,269.9
2025-09-25T02:36:24.099012,/docs,OK,244.0
2025-09-25T02:36:24.099012,WebSocket,"ERROR(Handshake status 403 Forbidden -+-+- {'content-length': '0', 'content-type': 'text/plain', 'date': 'Thu, 25 Sep 2025 02:36:25 GMT', 'set-cookie': 'ARRAffinity=bfe0b4904ee712154a7807f0d865b33119ca15a3b3c38ad02f4f334a0cb09683;Path=/;HttpOnly;Secure;Domain=permitflow-ai-demo.azurewebsites.net; ARRAffinitySameSite=bfe0b4904ee712154a7807f0d865b33119ca15a3b3c38ad02f4f334a0cb09683;Path=/;HttpOnly;SameSite=None;Secure;Domain=permitflow-ai-demo.azurewebsites.net'} -+-+- b'')",0.0
2025-09-26T02:35:09.185150,/,OK,111.3
2025-09-26T02:35:09.185150,/health,OK,94.5
2025-09-26T02:35:09.185150,/docs,OK,101.0
2025-09-26T02:35:09.185150,WebSocket,"ERROR(Handshake status 403 Forbidden -+-+- {'content-length': '0', 'content-type': 'text/plain', 'date': 'Fri, 26 Sep 2025 02:35:09 GMT', 'set-cookie': 'ARRAffinity=bfe0b4904ee712154a7807f0d865b33119ca15a3b3c38ad02f4f334a0cb09683;Path=/;HttpOnly;Secure;Domain=permitflow-ai-demo.azurewebsites.net; ARRAffinitySameSite=bfe0b4904ee712154a7807f0d865b33119ca15a3b3c38ad02f4f334a0cb09683;Path=/;HttpOnly;SameSite=None;Secure;Domain=permitflow-ai-demo.azurewebsites.net'} -+-+- b'')",0.0
2025-09-27T02:32:05.197258,/,OK,32.1
2025-09-27T02:32:05.197258,/health,OK,19.4
2025-09-27T02:32:05.197258,/docs,OK,14.1
2025-09-27T02:32:05.197258,WebSocket,"ERROR(Handshake status 403 Forbidden -+-+- {'content-length': '0', 'content-type': 'text/plain', 'date': 'Sat, 27 Sep 2025 02:32:05 GMT', 'set-cookie': 'ARRAffinity=bfe0b4904ee712154a7807f0d865b33119ca15a3b3c38ad02f4f334a0cb09683;Path=/;HttpOnly;Secure;Domain=permitflow-ai-demo.azurewebsites.net; ARRAffinitySameSite=bfe0b4904ee712154a7807f0d865b33119ca15a3b3c38ad02f4f334a0cb09683;Path=/;HttpOnly;SameSite=None;Secure;Domain=permitflow-ai-demo.azurewebsites.net'} -+-+- b'')",0.0
2025-09-28T02:38:26.587711,/,OK,120.5
2025-09-28T02:38:26.587711,/health,OK,96.3
2025-09-28T02:38:26.587711,/docs,OK,96.4
2025-09-28T02:38:26.587711,WebSocket,"ERROR(Handshake status 403 Forbidden -+-+- {'content-length': '0', 'content-type': 'text/plain', 'date': 'Sun, 28 Sep 2025 02:38:26 GMT', 'set-cookie': 'ARRAffinity=bfe0b4904ee712154a7807f0d865b33119ca15a3b3c38ad02f4f334a0cb09683;Path=/;HttpOnly;Secure;Domain=permitflow-ai-demo.azurewebsites.net; ARRAffinitySameSite=bfe0b4904ee712154a7807f0d865b33119ca15a3b3c38ad02f4f334a0cb09683;Path=/;HttpOnly;SameSite=None;Secure;Domain=permitflow-ai-demo.azurewebsites.net'} -+-+- b'')",0.0
2025-09-29T02:37:42.590369,/,OK,135.7
2025-09-29T02:37:42.590369,/health,OK,135.6
2025-09-29T02:37:42.590369,/docs,OK,125.8
2025-09-29T02:37:42.590369,WebSocket,"ERROR(Handshake status 403 Forbidden -+-+- {'content-length': '0', 'content-type': 'text/plain', 'date': 'Mon, 29 Sep 2025 02:37:43 GMT', 'set-cookie': 'ARRAffinity=bfe0b4904ee712154a7807f0d865b33119ca15a3b3c38ad02f4f334a0cb09683;Path=/;HttpOnly;Secure;Domain=permitflow-ai-demo.azurewebsites.net; ARRAffinitySameSite=bfe0b4904ee712154a7807f0d865b33119ca15a3b3c38ad02f4f334a0cb09683;Path=/;HttpOnly;SameSite=None;Secure;Domain=permitflow-ai-demo.azurewebsites.net'} -+-+- b'')",0.0
2025-09-30T02:34:30.070475,/,OK,141.7
2025-09-30T02:34:30.070475,/health,OK,140.8
2025-09-30T02:34:30.070475,/docs,OK,124.0
2025-09-30T02:34:30.070475,WebSocket,"ERROR(Handshake status 403 Forbidden -+-+- {'content-length': '0', 'content-type': 'text/plain', 'date': 'Tue, 30 Sep 2025 02:34:30 GMT', 'set-cookie': 'ARRAffinity=bfe0b4904ee712154a7807f0d865b33119ca15a3b3c38ad02f4f334a0cb09683;Path=/;HttpOnly;Secure;Domain=permitflow-ai-demo.azurewebsites.net; ARRAffinitySameSite=bfe0b4904ee712154a7807f0d865b33119ca15a3b3c38ad02f4f334a0cb09683;Path=/;HttpOnly;SameSite=None;Secure;Domain=permitflow-ai-demo.azurewebsites.net'} -+-+- b'')",0.0
2025-10-01T02:39:31.449667,/,OK,144.3
2025-10-01T02:39:31.449667,/health,OK,134.1
2025-10-01T02:39:31.449667,/docs,OK,144.1
2025-10-01T02:39:31.449667,WebSocket,"ERROR(Handshake status 403 Forbidden -+-+- {'content-length': '0', 'content-type': 'text/plain', 'date': 'Wed, 01 Oct 2025 02:39:32 GMT', 'set-cookie': 'ARRAffinity=bfe0b4904ee712154a7807f0d865b33119ca15a3b3c38ad02f4f334a0cb09683;Path=/;HttpOnly;Secure;Domain=permitflow-ai-demo.azurewebsites.net; ARRAffinitySameSite=bfe0b4904ee712154a7807f0d865b33119ca15a3b3c38ad02f4f334a0cb09683;Path=/;HttpOnly;SameSite=None;Secure;Domain=permitflow-ai-demo.azurewebsites.net'} -+-+- b'')",0.0
2025-10-02T02:34:08.799272,/,OK,28.6
2025-10-02T02:34:08.799272,/health,OK,48.9
2025-10-02T02:34:08.799272,/docs,OK,34.2
2025-10-02T02:34:08.799272,WebSocket,"ERROR(Handshake status 403 Forbidden -+-+- {'content-length': '0', 'content-type': 'text/plain', 'date': 'Thu, 02 Oct 2025 02:34:08 GMT', 'set-cookie': 'ARRAffinity=bfe0b4904ee712154a7807f0d865b33119ca15a3b3c38ad02f4f334a0cb09683;Path=/;HttpOnly;Secure;Domain=permitflow-ai-demo.azurewebsites.net; ARRAffinitySameSite=bfe0b4904ee712154a7807f0d865b33119ca15a3b3c38ad02f4f334a0cb09683;Path=/;HttpOnly;SameSite=None;Secure;Domain=permitflow-ai-demo.azurewebsites.net'} -+-+- b'')",0.0
2025-10-03T02:33:36.427302,/,OK,151.8
2025-10-03T02:33:36.427302,/health,OK,136.0
2025-10-03T02:33:36.427302,/docs,OK,137.3
2025-10-03T02:33:36.427302,WebSocket,"ERROR(Handshake status 403 Forbidden -+-+- {'content-length': '0', 'content-type': 'text/plain', 'date': 'Fri, 03 Oct 2025 02:33:36 GMT', 'set-cookie': 'ARRAffinity=bfe0b4904ee712154a7807f0d865b33119ca15a3b3c38ad02f4f334a0cb09683;Path=/;HttpOnly;Secure;Domain=permitflow-ai-demo.azurewebsites.net; ARRAffinitySameSite=bfe0b4904ee712154a7807f0d865b33119ca15a3b3c38ad02f4f334a0cb09683;Path=/;HttpOnly;SameSite=None;Secure;Domain=permitflow-ai-demo.azurewebsites.net'} -+-+- b'')",0.0
2025-10-04T02:30:30.613727,/,OK,276.0
2025-10-04T02:30:30.613727,/health,OK,248.6
2025-10-04T02:30:30.613727,/docs,OK,254.5
2025-10-04T02:30:30.613727,WebSocket,"ERROR(Handshake status 403 Forbidden -+-+- {'content-length': '0', 'content-type': 'text/plain', 'date': 'Sat, 04 Oct 2025 02:30:31 GMT', 'set-cookie': 'ARRAffinity=bfe0b4904ee712154a7807f0d865b33119ca15a3b3c38ad02f4f334a0cb09683;Path=/;HttpOnly;Secure;Domain=permitflow-ai-demo.azurewebsites.net; ARRAffinitySameSite=bfe0b4904ee712154a7807f0d865b33119ca15a3b3c38ad02f4f334a0cb09683;Path=/;HttpOnly;SameSite=None;Secure;Domain=permitflow-ai-demo.azurewebsites.net'} -+-+- b'')",0.0
2025-10-05T02:38:14.364356,/,OK,178.3
2025-10-05T02:38:14.364356,/health,OK,37.7
2025-10-05T02:38:14.364356,/docs,OK,18.3
2025-10-05T02:38:14.364356,WebSocket,"ERROR(Handshake status 403 Forbidden -+-+- {'content-length': '0', 'content-type': 'text/plain', 'date': 'Sun, 05 Oct 2025 02:38:14 GMT', 'set-cookie': 'ARRAffinity=bfe0b4904ee712154a7807f0d865b33119ca15a3b3c38ad02f4f334a0cb09683;Path=/;HttpOnly;Secure;Domain=permitflow-ai-demo.azurewebsites.net; ARRAffinitySameSite=bfe0b4904ee712154a7807f0d865b33119ca15a3b3c38ad02f4f334a0cb09683;Path=/;HttpOnly;SameSite=None;Secure;Domain=permitflow-ai-demo.azurewebsites.net'} -+-+- b'')",0.0
2025-10-06T02:36:29.717493,/,OK,161.1
2025-10-06T02:36:29.717493,/health,OK,125.7
2025-10-06T02:36:29.717493,/docs,OK,135.8
2025-10-06T02:36:29.717493,WebSocket,"ERROR(Handshake status 403 Forbidden -+-+- {'content-length': '0', 'content-type': 'text/plain', 'date': 'Mon, 06 Oct 2025 02:36:30 GMT', 'set-cookie': 'ARRAffinity=bfe0b4904ee712154a7807f0d865b33119ca15a3b3c38ad02f4f334a0cb09683;Path=/;HttpOnly;Secure;Domain=permitflow-ai-demo.azurewebsites.net; ARRAffinitySameSite=bfe0b4904ee712154a7807f0d865b33119ca15a3b3c38ad02f4f334a0cb09683;Path=/;HttpOnly;SameSite=None;Secure;Domain=permitflow-ai-demo.azurewebsites.net'} -+-+- b'')",0.0
2025-10-07T02:34:29.903560,/,OK,300.1
2025-10-07T02:34:29.903560,/health,OK,282.9
2025-10-07T02:34:29.903560,/docs,OK,300.7
2025-10-07T02:34:29.903560,WebSocket,"ERROR(Handshake status 403 Forbidden -+-+- {'content-length': '0', 'content-type': 'text/plain', 'date': 'Tue, 07 Oct 2025 02:34:31 GMT', 'set-cookie': 'ARRAffinity=bfe0b4904ee712154a7807f0d865b33119ca15a3b3c38ad02f4f334a0cb09683;Path=/;HttpOnly;Secure;Domain=permitflow-ai-demo.azurewebsites.net; ARRAffinitySameSite=bfe0b4904ee712154a7807f0d865b33119ca15a3b3c38ad02f4f334a0cb09683;Path=/;HttpOnly;SameSite=None;Secure;Domain=permitflow-ai-demo.azurewebsites.net'} -+-+- b'')",0.0
2025-10-08T02:34:34.228178,/,OK,69.9
2025-10-08T02:34:34.228178,/health,OK,36.5
2025-10-08T02:34:34.228178,/docs,OK,47.7
2025-10-08T02:34:34.228178,WebSocket,"ERROR(Handshake status 403 Forbidden -+-+- {'content-length': '0', 'content-type': 'text/plain', 'date': 'Wed, 08 Oct 2025 02:34:34 GMT', 'set-cookie': 'ARRAffinity=4cfb49a585ca0e3c4fa96d52bd26f5fc1fd4fb1a2ab7b690ea626cb2710833da;Path=/;HttpOnly;Secure;Domain=permitflow-ai-demo.azurewebsites.net; ARRAffinitySameSite=4cfb49a585ca0e3c4fa96d52bd26f5fc1fd4fb1a2ab7b690ea626cb2710833da;Path=/;HttpOnly;SameSite=None;Secure;Domain=permitflow-ai-demo.azurewebsites.net'} -+-+- b'')",0.0
2025-10-09T02:35:42.649907,/,OK,165.7
2025-10-09T02:35:42.649907,/health,OK,47.4
2025-10-09T02:35:42.649907,/docs,OK,36.0
2025-10-09T02:35:42.649907,WebSocket,"ERROR(Handshake status 403 Forbidden -+-+- {'content-length': '0', 'content-type': 'text/plain', 'date': 'Thu, 09 Oct 2025 02:35:42 GMT', 'set-cookie': 'ARRAffinity=4cfb49a585ca0e3c4fa96d52bd26f5fc1fd4fb1a2ab7b690ea626cb2710833da;Path=/;HttpOnly;Secure;Domain=permitflow-ai-demo.azurewebsites.net; ARRAffinitySameSite=4cfb49a585ca0e3c4fa96d52bd26f5fc1fd4fb1a2ab7b690ea626cb2710833da;Path=/;HttpOnly;SameSite=None;Secure;Domain=permitflow-ai-demo.azurewebsites.net'} -+-+- b'')",0.0
2025-10-10T02:35:58.525978,/,OK,46.5
2025-10-10T02:35:58.525978,/health,OK,17.0
2025-10-10T02:35:58.525978,/docs,OK,17.5
2025-10-10T02:35:58.525978,WebSocket,"ERROR(Handshake status 403 Forbidden -+-+- {'content-length': '0', 'content-type': 'text/plain', 'date': 'Fri, 10 Oct 2025 02:35:58 GMT', 'set-cookie': 'ARRAffinity=4cfb49a585ca0e3c4fa96d52bd26f5fc1fd4fb1a2ab7b690ea626cb2710833da;Path=/;HttpOnly;Secure;Domain=permitflow-ai-demo.azurewebsites.net; ARRAffinitySameSite=4cfb49a585ca0e3c4fa96d52bd26f5fc1fd4fb1a2ab7b690ea626cb2710833da;Path=/;HttpOnly;SameSite=None;Secure;Domain=permitflow-ai-demo.azurewebsites.net'} -+-+- b'')",0.0
2025-10-11T02:32:03.032909,/,OK,259.3
2025-10-11T02:32:03.032909,/health,OK,198.6
2025-10-11T02:32:03.032909,/docs,OK,205.5
2025-10-11T02:32:03.032909,WebSocket,"ERROR(Handshake status 403 Forbidden -+-+- {'content-length': '0', 'content-type': 'text/plain', 'date': 'Sat, 11 Oct 2025 02:32:04 GMT', 'set-cookie': 'ARRAffinity=4cfb49a585ca0e3c4fa96d52bd26f5fc1fd4fb1a2ab7b690ea626cb2710833da;Path=/;HttpOnly;Secure;Domain=permitflow-ai-demo.azurewebsites.net; ARRAffinitySameSite=4cfb49a585ca0e3c4fa96d52bd26f5fc1fd4fb1a2ab7b690ea626cb2710833da;Path=/;HttpOnly;SameSite=None;Secure;Domain=permitflow-ai-demo.azurewebsites.net'} -+-+- b'')",0.0
2025-10-12T02:36:31.811970,/,OK,315.9
2025-10-12T02:36:31.811970,/health,OK,99.1
2025-10-12T02:36:31.811970,/docs,OK,110.1
2025-10-12T02:36:31.811970,WebSocket,"ERROR(Handshake status 403 Forbidden -+-+- {'content-length': '0', 'content-type': 'text/plain', 'date': 'Sun, 12 Oct 2025 02:36:32 GMT', 'set-cookie': 'ARRAffinity=4cfb49a585ca0e3c4fa96d52bd26f5fc1fd4fb1a2ab7b690ea626cb2710833da;Path=/;HttpOnly;Secure;Domain=permitflow-ai-demo.azurewebsites.net; ARRAffinitySameSite=4cfb49a585ca0e3c4fa96d52bd26f5fc1fd4fb1a2ab7b690ea626cb2710833da;Path=/;HttpOnly;SameSite=None;Secure;Domain=permitflow-ai-demo.azurewebsites.net'} -+-+- b'')",0.0
2025-10-13T02:40:00.038083,/,OK,298.1
2025-10-13T02:40:00.038083,/health,OK,281.2
2025-10-13T02:40:00.038083,/docs,OK,269.3
2025-10-13T02:40:00.038083,WebSocket,"ERROR(Handshake status 403 Forbidden -+-+- {'content-length': '0', 'content-type': 'text/plain', 'date': 'Mon, 13 Oct 2025 02:40:01 GMT', 'set-cookie': 'ARRAffinity=4cfb49a585ca0e3c4fa96d52bd26f5fc1fd4fb1a2ab7b690ea626cb2710833da;Path=/;HttpOnly;Secure;Domain=permitflow-ai-demo.azurewebsites.net; ARRAffinitySameSite=4cfb49a585ca0e3c4fa96d52bd26f5fc1fd4fb1a2ab7b690ea626cb2710833da;Path=/;HttpOnly;SameSite=None;Secure;Domain=permitflow-ai-demo.azurewebsites.net'} -+-+- b'')",0.0
2025-10-14T02:35:45.045506,/,OK,136.8
2025-10-14T02:35:45.045506,/health,OK,104.4
2025-10-14T02:35:45.045506,/docs,OK,106.3
2025-10-14T02:35:45.045506,WebSocket,"ERROR(Handshake status 403 Forbidden -+-+- {'content-length': '0', 'content-type': 'text/plain', 'date': 'Tue, 14 Oct 2025 02:35:45 GMT', 'set-cookie': 'ARRAffinity=4cfb49a585ca0e3c4fa96d52bd26f5fc1fd4fb1a2ab7b690ea626cb2710833da;Path=/;HttpOnly;Secure;Domain=permitflow-ai-demo.azurewebsites.net; ARRAffinitySameSite=4cfb49a585ca0e3c4fa96d52bd26f5fc1fd4fb1a2ab7b690ea626cb2710833da;Path=/;HttpOnly;SameSite=None;Secure;Domain=permitflow-ai-demo.azurewebsites.net'} -+-+- b'')",0.0
2025-10-15T02:37:50.666844,/,OK,297.5
2025-10-15T02:37:50.666844,/health,OK,354.3
2025-10-15T02:37:50.666844,/docs,OK,305.0
2025-10-15T02:37:50.666844,WebSocket,"ERROR(Handshake status 403 Forbidden -+-+- {'content-length': '0', 'content-type': 'text/plain', 'date': 'Wed, 15 Oct 2025 02:37:51 GMT', 'set-cookie': 'ARRAffinity=4cfb49a585ca0e3c4fa96d52bd26f5fc1fd4fb1a2ab7b690ea626cb2710833da;Path=/;HttpOnly;Secure;Domain=permitflow-ai-demo.azurewebsites.net; ARRAffinitySameSite=4cfb49a585ca0e3c4fa96d52bd26f5fc1fd4fb1a2ab7b690ea626cb2710833da;Path=/;HttpOnly;SameSite=None;Secure;Domain=permitflow-ai-demo.azurewebsites.net'} -+-+- b'')",0.0
2025-10-16T02:37:01.336761,/,OK,301.7
2025-10-16T02:37:01.336761,/health,OK,321.9
2025-10-16T02:37:01.336761,/docs,OK,282.9
2025-10-16T02:37:01.336761,WebSocket,"ERROR(Handshake status 403 Forbidden -+-+- {'content-length': '0', 'content-type': 'text/plain', 'date': 'Thu, 16 Oct 2025 02:37:02 GMT', 'set-cookie': 'ARRAffinity=4cfb49a585ca0e3c4fa96d52bd26f5fc1fd4fb1a2ab7b690ea626cb2710833da;Path=/;HttpOnly;Secure;Domain=permitflow-ai-demo.azurewebsites.net; ARRAffinitySameSite=4cfb49a585ca0e3c4fa96d52bd26f5fc1fd4fb1a2ab7b690ea626cb2710833da;Path=/;HttpOnly;SameSite=None;Secure;Domain=permitflow-ai-demo.azurewebsites.net'} -+-+- b'')",0.0
2025-10-17T02:36:25.189384,/,OK,133.5
2025-10-17T02:36:25.189384,/health,OK,96.1
2025-10-17T02:36:25.189384,/docs,OK,95.2
2025-10-17T02:36:25.189384,WebSocket,"ERROR(Handshake status 403 Forbidden -+-+- {'content-length': '0', 'content-type': 'text/plain', 'date': 'Fri, 17 Oct 2025 02:36:25 GMT', 'set-cookie': 'ARRAffinity=4cfb49a585ca0e3c4fa96d52bd26f5fc1fd4fb1a2ab7b690ea626cb2710833da;Path=/;HttpOnly;Secure;Domain=permitflow-ai-demo.azurewebsites.net; ARRAffinitySameSite=4cfb49a585ca0e3c4fa96d52bd26f5fc1fd4fb1a2ab7b690ea626cb2710833da;Path=/;HttpOnly;SameSite=None;Secure;Domain=permitflow-ai-demo.azurewebsites.net'} -+-+- b'')",0.0
2025-10-18T02:32:45.725134,/,OK,194.1
2025-10-18T02:32:45.725134,/health,OK,132.4
2025-10-18T02:32:45.725134,/docs,OK,135.6
2025-10-18T02:32:45.725134,WebSocket,"ERROR(Handshake status 403 Forbidden -+-+- {'content-length': '0', 'content-type': 'text/plain', 'date': 'Sat, 18 Oct 2025 02:32:46 GMT', 'set-cookie': 'ARRAffinity=4cfb49a585ca0e3c4fa96d52bd26f5fc1fd4fb1a2ab7b690ea626cb2710833da;Path=/;HttpOnly;Secure;Domain=permitflow-ai-demo.azurewebsites.net; ARRAffinitySameSite=4cfb49a585ca0e3c4fa96d52bd26f5fc1fd4fb1a2ab7b690ea626cb2710833da;Path=/;HttpOnly;SameSite=None;Secure;Domain=permitflow-ai-demo.azurewebsites.net'} -+-+- b'')",0.0
2025-10-19T02:40:45.080868,/,OK,223.7
2025-10-19T02:40:45.080868,/health,OK,198.6
2025-10-19T02:40:45.080868,/docs,OK,199.0
2025-10-19T02:40:45.080868,WebSocket,"ERROR(Handshake status 403 Forbidden -+-+- {'content-length': '0', 'content-type': 'text/plain', 'date': 'Sun, 19 Oct 2025 02:40:45 GMT', 'set-cookie': 'ARRAffinity=4cfb49a585ca0e3c4fa96d52bd26f5fc1fd4fb1a2ab7b690ea626cb2710833da;Path=/;HttpOnly;Secure;Domain=permitflow-ai-demo.azurewebsites.net; ARRAffinitySameSite=4cfb49a585ca0e3c4fa96d52bd26f5fc1fd4fb1a2ab7b690ea626cb2710833da;Path=/;HttpOnly;SameSite=None;Secure;Domain=permitflow-ai-demo.azurewebsites.net'} -+-+- b'')",0.0
2025-10-20T02:41:26.690423,/,"ERROR(HTTPSConnectionPool(host='permitflow-ai-demo.azurewebsites.net', port=443): Read timed out. (read timeout=10))",10112.5
2025-10-20T02:41:26.690423,/health,"ERROR(HTTPSConnectionPool(host='permitflow-ai-demo.azurewebsites.net', port=443): Read timed out. (read timeout=10))",10110.6
2025-10-20T02:41:26.690423,/docs,"ERROR(HTTPSConnectionPool(host='permitflow-ai-demo.azurewebsites.net', port=443): Read timed out. (read timeout=10))",10117.9
2025-10-20T02:41:26.690423,WebSocket,ERROR(Connection timed out),0.0
2025-10-21T02:37:55.258711,/,OK,99.8
2025-10-21T02:37:55.258711,/health,OK,20.6
2025-10-21T02:37:55.258711,/docs,OK,12.7
2025-10-21T02:37:55.258711,WebSocket,"ERROR(Handshake status 403 Forbidden -+-+- {'content-length': '0', 'content-type': 'text/plain', 'date': 'Tue, 21 Oct 2025 02:37:55 GMT', 'set-cookie': 'ARRAffinity=184b93d9bd44b3d34ffbdb54e8c0a88f58a67edb02b538a38e803ce6c23758f2;Path=/;HttpOnly;Secure;Domain=permitflow-ai-demo.azurewebsites.net; ARRAffinitySameSite=184b93d9bd44b3d34ffbdb54e8c0a88f58a67edb02b538a38e803ce6c23758f2;Path=/;HttpOnly;SameSite=None;Secure;Domain=permitflow-ai-demo.azurewebsites.net'} -+-+- b'')",0.0
2025-10-22T02:39:14.930833,/,OK,153.4
2025-10-22T02:39:14.930833,/health,OK,132.2
2025-10-22T02:39:14.930833,/docs,OK,145.4
2025-10-22T02:39:14.930833,WebSocket,"ERROR(Handshake status 403 Forbidden -+-+- {'content-length': '0', 'content-type': 'text/plain', 'date': 'Wed, 22 Oct 2025 02:39:15 GMT', 'set-cookie': 'ARRAffinity=184b93d9bd44b3d34ffbdb54e8c0a88f58a67edb02b538a38e803ce6c23758f2;Path=/;HttpOnly;Secure;Domain=permitflow-ai-demo.azurewebsites.net; ARRAffinitySameSite=184b93d9bd44b3d34ffbdb54e8c0a88f58a67edb02b538a38e803ce6c23758f2;Path=/;HttpOnly;SameSite=None;Secure;Domain=permitflow-ai-demo.azurewebsites.net'} -+-+- b'')",0.0
2025-10-23T02:37:21.368045,/,OK,281.8
2025-10-23T02:37:21.368045,/health,OK,284.4
2025-10-23T02:37:21.368045,/docs,OK,283.5
2025-10-23T02:37:21.368045,WebSocket,"ERROR(Handshake status 403 Forbidden -+-+- {'content-length': '0', 'content-type': 'text/plain', 'date': 'Thu, 23 Oct 2025 02:37:22 GMT', 'set-cookie': 'ARRAffinity=184b93d9bd44b3d34ffbdb54e8c0a88f58a67edb02b538a38e803ce6c23758f2;Path=/;HttpOnly;Secure;Domain=permitflow-ai-demo.azurewebsites.net; ARRAffinitySameSite=184b93d9bd44b3d34ffbdb54e8c0a88f58a67edb02b538a38e803ce6c23758f2;Path=/;HttpOnly;SameSite=None;Secure;Domain=permitflow-ai-demo.azurewebsites.net'} -+-+- b'')",0.0
2025-10-24T02:35:46.511719,/,OK,233.4
2025-10-24T02:35:46.511719,/health,OK,213.6
2025-10-24T02:35:46.511719,/docs,OK,212.9
2025-10-24T02:35:46.511719,WebSocket,"ERROR(Handshake status 403 Forbidden -+-+- {'content-length': '0', 'content-type': 'text/plain', 'date': 'Fri, 24 Oct 2025 02:35:47 GMT', 'set-cookie': 'ARRAffinity=184b93d9bd44b3d34ffbdb54e8c0a88f58a67edb02b538a38e803ce6c23758f2;Path=/;HttpOnly;Secure;Domain=permitflow-ai-demo.azurewebsites.net; ARRAffinitySameSite=184b93d9bd44b3d34ffbdb54e8c0a88f58a67edb02b538a38e803ce6c23758f2;Path=/;HttpOnly;SameSite=None;Secure;Domain=permitflow-ai-demo.azurewebsites.net'} -+-+- b'')",0.0
2025-10-25T02:36:04.386853,/,OK,278.6
2025-10-25T02:36:04.386853,/health,OK,282.5
2025-10-25T02:36:04.386853,/docs,OK,284.3
2025-10-25T02:36:04.386853,WebSocket,"ERROR(Handshake status 403 Forbidden -+-+- {'content-length': '0', 'content-type': 'text/plain', 'date': 'Sat, 25 Oct 2025 02:36:05 GMT', 'set-cookie': 'ARRAffinity=184b93d9bd44b3d34ffbdb54e8c0a88f58a67edb02b538a38e803ce6c23758f2;Path=/;HttpOnly;Secure;Domain=permitflow-ai-demo.azurewebsites.net; ARRAffinitySameSite=184b93d9bd44b3d34ffbdb54e8c0a88f58a67edb02b538a38e803ce6c23758f2;Path=/;HttpOnly;SameSite=None;Secure;Domain=permitflow-ai-demo.azurewebsites.net'} -+-+- b'')",0.0
2025-10-26T02:39:32.876825,/,OK,318.9
2025-10-26T02:39:32.876825,/health,OK,375.9
2025-10-26T02:39:32.876825,/docs,OK,260.7
2025-10-26T02:39:32.876825,WebSocket,"ERROR(Handshake status 403 Forbidden -+-+- {'content-length': '0', 'content-type': 'text/plain', 'date': 'Sun, 26 Oct 2025 02:39:34 GMT', 'set-cookie': 'ARRAffinity=184b93d9bd44b3d34ffbdb54e8c0a88f58a67edb02b538a38e803ce6c23758f2;Path=/;HttpOnly;Secure;Domain=permitflow-ai-demo.azurewebsites.net; ARRAffinitySameSite=184b93d9bd44b3d34ffbdb54e8c0a88f58a67edb02b538a38e803ce6c23758f2;Path=/;HttpOnly;SameSite=None;Secure;Domain=permitflow-ai-demo.azurewebsites.net'} -+-+- b'')",0.0
2025-10-27T02:42:22.923377,/,OK,204.2
2025-10-27T02:42:22.923377,/health,OK,194.7
2025-10-27T02:42:22.923377,/docs,OK,200.0
2025-10-27T02:42:22.923377,WebSocket,"ERROR(Handshake status 403 Forbidden -+-+- {'content-length': '0', 'content-type': 'text/plain', 'date': 'Mon, 27 Oct 2025 02:42:23 GMT', 'set-cookie': 'ARRAffinity=184b93d9bd44b3d34ffbdb54e8c0a88f58a67edb02b538a38e803ce6c23758f2;Path=/;HttpOnly;Secure;Domain=permitflow-ai-demo.azurewebsites.net; ARRAffinitySameSite=184b93d9bd44b3d34ffbdb54e8c0a88f58a67edb02b538a38e803ce6c23758f2;Path=/;HttpOnly;SameSite=None;Secure;Domain=permitflow-ai-demo.azurewebsites.net'} -+-+- b'')",0.0
2025-10-28T02:38:03.880782,/,OK,280.3
2025-10-28T02:38:03.880782,/health,OK,249.5
2025-10-28T02:38:03.880782,/docs,OK,232.3
2025-10-28T02:38:03.880782,WebSocket,"ERROR(Handshake status 403 Forbidden -+-+- {'content-length': '0', 'content-type': 'text/plain', 'date': 'Tue, 28 Oct 2025 02:38:04 GMT', 'set-cookie': 'ARRAffinity=184b93d9bd44b3d34ffbdb54e8c0a88f58a67edb02b538a38e803ce6c23758f2;Path=/;HttpOnly;Secure;Domain=permitflow-ai-demo.azurewebsites.net; ARRAffinitySameSite=184b93d9bd44b3d34ffbdb54e8c0a88f58a67edb02b538a38e803ce6c23758f2;Path=/;HttpOnly;SameSite=None;Secure;Domain=permitflow-ai-demo.azurewebsites.net'} -+-+- b'')",0.0
2025-10-29T02:40:47.219286,/,OK,36.2
2025-10-29T02:40:47.219286,/health,OK,70.9
2025-10-29T02:40:47.219286,/docs,OK,14.3
2025-10-29T02:40:47.219286,WebSocket,"ERROR(Handshake status 403 Forbidden -+-+- {'content-length': '0', 'content-type': 'text/plain', 'date': 'Wed, 29 Oct 2025 02:40:47 GMT', 'set-cookie': 'ARRAffinity=184b93d9bd44b3d34ffbdb54e8c0a88f58a67edb02b538a38e803ce6c23758f2;Path=/;HttpOnly;Secure;Domain=permitflow-ai-demo.azurewebsites.net; ARRAffinitySameSite=184b93d9bd44b3d34ffbdb54e8c0a88f58a67edb02b538a38e803ce6c23758f2;Path=/;HttpOnly;SameSite=None;Secure;Domain=permitflow-ai-demo.azurewebsites.net'} -+-+- b'')",0.0
2025-10-30T02:39:41.879102,/,OK,81.9
2025-10-30T02:39:41.879102,/health,OK,46.3
2025-10-30T02:39:41.879102,/docs,OK,34.2
2025-10-30T02:39:41.879102,WebSocket,"ERROR(Handshake status 403 Forbidden -+-+- {'content-length': '0', 'content-type': 'text/plain', 'date': 'Thu, 30 Oct 2025 02:39:42 GMT', 'set-cookie': 'ARRAffinity=184b93d9bd44b3d34ffbdb54e8c0a88f58a67edb02b538a38e803ce6c23758f2;Path=/;HttpOnly;Secure;Domain=permitflow-ai-demo.azurewebsites.net; ARRAffinitySameSite=184b93d9bd44b3d34ffbdb54e8c0a88f58a67edb02b538a38e803ce6c23758f2;Path=/;HttpOnly;SameSite=None;Secure;Domain=permitflow-ai-demo.azurewebsites.net'} -+-+- b'')",0.0
2025-10-31T02:39:37.087599,/,OK,161.1
2025-10-31T02:39:37.087599,/health,OK,129.9
2025-10-31T02:39:37.087599,/docs,OK,125.8
2025-10-31T02:39:37.087599,WebSocket,"ERROR(Handshake status 403 Forbidden -+-+- {'content-length': '0', 'content-type': 'text/plain', 'date': 'Fri, 31 Oct 2025 02:39:37 GMT', 'set-cookie': 'ARRAffinity=184b93d9bd44b3d34ffbdb54e8c0a88f58a67edb02b538a38e803ce6c23758f2;Path=/;HttpOnly;Secure;Domain=permitflow-ai-demo.azurewebsites.net; ARRAffinitySameSite=184b93d9bd44b3d34ffbdb54e8c0a88f58a67edb02b538a38e803ce6c23758f2;Path=/;HttpOnly;SameSite=None;Secure;Domain=permitflow-ai-demo.azurewebsites.net'} -+-+- b'')",0.0
2025-11-01T02:39:51.920605,/,OK,236.5
2025-11-01T02:39:51.920605,/health,OK,198.9
2025-11-01T02:39:51.920605,/docs,OK,194.9
2025-11-01T02:39:51.920605,WebSocket,"ERROR(Handshake status 403 Forbidden -+-+- {'content-length': '0', 'content-type': 'text/plain', 'date': 'Sat, 01 Nov 2025 02:39:52 GMT', 'set-cookie': 'ARRAffinity=184b93d9bd44b3d34ffbdb54e8c0a88f58a67edb02b538a38e803ce6c23758f2;Path=/;HttpOnly;Secure;Domain=permitflow-ai-demo.azurewebsites.net; ARRAffinitySameSite=184b93d9bd44b3d34ffbdb54e8c0a88f58a67edb02b538a38e803ce6c23758f2;Path=/;HttpOnly;SameSite=None;Secure;Domain=permitflow-ai-demo.azurewebsites.net'} -+-+- b'')",0.0
2025-11-02T02:40:57.841406,/,OK,161.0
2025-11-02T02:40:57.841406,/health,OK,96.1
2025-11-02T02:40:57.841406,/docs,OK,101.6
2025-11-02T02:40:57.841406,WebSocket,"ERROR(Handshake status 403 Forbidden -+-+- {'content-length': '0', 'content-type': 'text/plain', 'date': 'Sun, 02 Nov 2025 02:40:58 GMT', 'set-cookie': 'ARRAffinity=184b93d9bd44b3d34ffbdb54e8c0a88f58a67edb02b538a38e803ce6c23758f2;Path=/;HttpOnly;Secure;Domain=permitflow-ai-demo.azurewebsites.net; ARRAffinitySameSite=184b93d9bd44b3d34ffbdb54e8c0a88f58a67edb02b538a38e803ce6c23758f2;Path=/;HttpOnly;SameSite=None;Secure;Domain=permitflow-ai-demo.azurewebsites.net'} -+-+- b'')",0.0
2025-11-03T02:41:30.011993,/,OK,317.1
2025-11-03T02:41:30.011993,/health,OK,282.0
2025-11-03T02:41:30.011993,/docs,OK,270.1
2025-11-03T02:41:30.011993,WebSocket,"ERROR(Handshake status 403 Forbidden -+-+- {'content-length': '0', 'content-type': 'text/plain', 'date': 'Mon, 03 Nov 2025 02:41:31 GMT', 'set-cookie': 'ARRAffinity=184b93d9bd44b3d34ffbdb54e8c0a88f58a67edb02b538a38e803ce6c23758f2;Path=/;HttpOnly;Secure;Domain=permitflow-ai-demo.azurewebsites.net; ARRAffinitySameSite=184b93d9bd44b3d34ffbdb54e8c0a88f58a67edb02b538a38e803ce6c23758f2;Path=/;HttpOnly;SameSite=None;Secure;Domain=permitflow-ai-demo.azurewebsites.net'} -+-+- b'')",0.0
2025-11-04T02:39:28.900045,/,OK,223.0
2025-11-04T02:39:28.900045,/health,OK,197.1
2025-11-04T02:39:28.900045,/docs,OK,199.4
2025-11-04T02:39:28.900045,WebSocket,"ERROR(Handshake status 403 Forbidden -+-+- {'content-length': '0', 'content-type': 'text/plain', 'date': 'Tue, 04 Nov 2025 02:39:29 GMT', 'set-cookie': 'ARRAffinity=184b93d9bd44b3d34ffbdb54e8c0a88f58a67edb02b538a38e803ce6c23758f2;Path=/;HttpOnly;Secure;Domain=permitflow-ai-demo.azurewebsites.net; ARRAffinitySameSite=184b93d9bd44b3d34ffbdb54e8c0a88f58a67edb02b538a38e803ce6c23758f2;Path=/;HttpOnly;SameSite=None;Secure;Domain=permitflow-ai-demo.azurewebsites.net'} -+-+- b'')",0.0
2025-11-05T02:40:01.455277,/,OK,56.7
2025-11-05T02:40:01.455277,/health,OK,41.6
2025-11-05T02:40:01.455277,/docs,OK,18.0
2025-11-05T02:40:01.455277,WebSocket,"ERROR(Handshake status 403 Forbidden -+-+- {'content-length': '0', 'content-type': 'text/plain', 'date': 'Wed, 05 Nov 2025 02:40:01 GMT', 'set-cookie': 'ARRAffinity=184b93d9bd44b3d34ffbdb54e8c0a88f58a67edb02b538a38e803ce6c23758f2;Path=/;HttpOnly;Secure;Domain=permitflow-ai-demo.azurewebsites.net; ARRAffinitySameSite=184b93d9bd44b3d34ffbdb54e8c0a88f58a67edb02b538a38e803ce6c23758f2;Path=/;HttpOnly;SameSite=None;Secure;Domain=permitflow-ai-demo.azurewebsites.net'} -+-+- b'')",0.0
2025-11-06T02:40:06.102588,/,OK,308.2
2025-11-06T02:40:06.102588,/health,OK,35.2
2025-11-06T02:40:06.102588,/docs,OK,38.8
2025-11-06T02:40:06.102588,WebSocket,"ERROR(Handshake status 403 Forbidden -+-+- {'content-length': '0', 'content-type': 'text/plain', 'date': 'Thu, 06 Nov 2025 02:40:06 GMT', 'set-cookie': 'ARRAffinity=184b93d9bd44b3d34ffbdb54e8c0a88f58a67edb02b538a38e803ce6c23758f2;Path=/;HttpOnly;Secure;Domain=permitflow-ai-demo.azurewebsites.net; ARRAffinitySameSite=184b93d9bd44b3d34ffbdb54e8c0a88f58a67edb02b538a38e803ce6c23758f2;Path=/;HttpOnly;SameSite=None;Secure;Domain=permitflow-ai-demo.azurewebsites.net'} -+-+- b'')",0.0
2025-11-07T02:40:00.520458,/,"ERROR(HTTPSConnectionPool(host='permitflow-ai-demo.azurewebsites.net', port=443): Read timed out. (read timeout=10))",10039.5
2025-11-07T02:40:00.520458,/health,"ERROR(HTTPSConnectionPool(host='permitflow-ai-demo.azurewebsites.net', port=443): Read timed out. (read timeout=10))",10039.2
2025-11-07T02:40:00.520458,/docs,OK,8615.1
2025-11-07T02:40:00.520458,WebSocket,"ERROR(Handshake status 403 Forbidden -+-+- {'content-length': '0', 'content-type': 'text/plain', 'date': 'Fri, 07 Nov 2025 02:40:29 GMT', 'set-cookie': 'ARRAffinity=bec1e06e53eec8d5c5f389b3597570d9375ce0ef48cc72401db89ecd02d82bd0;Path=/;HttpOnly;Secure;Domain=permitflow-ai-demo.azurewebsites.net; ARRAffinitySameSite=bec1e06e53eec8d5c5f389b3597570d9375ce0ef48cc72401db89ecd02d82bd0;Path=/;HttpOnly;SameSite=None;Secure;Domain=permitflow-ai-demo.azurewebsites.net'} -+-+- b'')",0.0
2025-11-08T02:36:20.609568,/,OK,210.2
2025-11-08T02:36:20.609568,/health,OK,197.7
2025-11-08T02:36:20.609568,/docs,OK,198.8
2025-11-08T02:36:20.609568,WebSocket,"ERROR(Handshake status 403 Forbidden -+-+- {'content-length': '0', 'content-type': 'text/plain', 'date': 'Sat, 08 Nov 2025 02:36:21 GMT', 'set-cookie': 'ARRAffinity=bec1e06e53eec8d5c5f389b3597570d9375ce0ef48cc72401db89ecd02d82bd0;Path=/;HttpOnly;Secure;Domain=permitflow-ai-demo.azurewebsites.net; ARRAffinitySameSite=bec1e06e53eec8d5c5f389b3597570d9375ce0ef48cc72401db89ecd02d82bd0;Path=/;HttpOnly;SameSite=None;Secure;Domain=permitflow-ai-demo.azurewebsites.net'} -+-+- b'')",0.0
2025-11-09T02:40:20.982015,/,OK,38.6
2025-11-09T02:40:20.982015,/health,OK,39.4
2025-11-09T02:40:20.982015,/docs,OK,24.8
2025-11-09T02:40:20.982015,WebSocket,"ERROR(Handshake status 403 Forbidden -+-+- {'content-length': '0', 'content-type': 'text/plain', 'date': 'Sun, 09 Nov 2025 02:40:21 GMT', 'set-cookie': 'ARRAffinity=bec1e06e53eec8d5c5f389b3597570d9375ce0ef48cc72401db89ecd02d82bd0;Path=/;HttpOnly;Secure;Domain=permitflow-ai-demo.azurewebsites.net; ARRAffinitySameSite=bec1e06e53eec8d5c5f389b3597570d9375ce0ef48cc72401db89ecd02d82bd0;Path=/;HttpOnly;SameSite=None;Secure;Domain=permitflow-ai-demo.azurewebsites.net'} -+-+- b'')",0.0
2025-11-10T02:42:00.689669,/,OK,37.8
2025-11-10T02:42:00.689669,/health,OK,14.4
2025-11-10T02:42:00.689669,/docs,OK,12.9
2025-11-10T02:42:00.689669,WebSocket,"ERROR(Handshake status 403 Forbidden -+-+- {'content-length': '0', 'content-type': 'text/plain', 'date': 'Mon, 10 Nov 2025 02:42:00 GMT', 'set-cookie': 'ARRAffinity=bec1e06e53eec8d5c5f389b3597570d9375ce0ef48cc72401db89ecd02d82bd0;Path=/;HttpOnly;Secure;Domain=permitflow-ai-demo.azurewebsites.net; ARRAffinitySameSite=bec1e06e53eec8d5c5f389b3597570d9375ce0ef48cc72401db89ecd02d82bd0;Path=/;HttpOnly;SameSite=None;Secure;Domain=permitflow-ai-demo.azurewebsites.net'} -+-+- b'')",0.0
2025-11-11T02:40:24.491551,/,OK,26.4
2025-11-11T02:40:24.491551,/health,OK,14.2
2025-11-11T02:40:24.491551,/docs,OK,27.0
2025-11-11T02:40:24.491551,WebSocket,"ERROR(Handshake status 403 Forbidden -+-+- {'content-length': '0', 'content-type': 'text/plain', 'date': 'Tue, 11 Nov 2025 02:40:24 GMT', 'set-cookie': 'ARRAffinity=bec1e06e53eec8d5c5f389b3597570d9375ce0ef48cc72401db89ecd02d82bd0;Path=/;HttpOnly;Secure;Domain=permitflow-ai-demo.azurewebsites.net; ARRAffinitySameSite=bec1e06e53eec8d5c5f389b3597570d9375ce0ef48cc72401db89ecd02d82bd0;Path=/;HttpOnly;SameSite=None;Secure;Domain=permitflow-ai-demo.azurewebsites.net'} -+-+- b'')",0.0
2025-11-12T02:39:52.084133,/,OK,109.5
2025-11-12T02:39:52.084133,/health,OK,113.6
2025-11-12T02:39:52.084133,/docs,OK,115.8
2025-11-12T02:39:52.084133,WebSocket,"ERROR(Handshake status 403 Forbidden -+-+- {'content-length': '0', 'content-type': 'text/plain', 'date': 'Wed, 12 Nov 2025 02:39:52 GMT', 'set-cookie': 'ARRAffinity=bec1e06e53eec8d5c5f389b3597570d9375ce0ef48cc72401db89ecd02d82bd0;Path=/;HttpOnly;Secure;Domain=permitflow-ai-demo.azurewebsites.net; ARRAffinitySameSite=bec1e06e53eec8d5c5f389b3597570d9375ce0ef48cc72401db89ecd02d82bd0;Path=/;HttpOnly;SameSite=None;Secure;Domain=permitflow-ai-demo.azurewebsites.net'} -+-+- b'')",0.0
2025-11-13T02:40:50.040618,/,OK,302.6
2025-11-13T02:40:50.040618,/health,OK,290.2
2025-11-13T02:40:50.040618,/docs,OK,284.2
2025-11-13T02:40:50.040618,WebSocket,"ERROR(Handshake status 403 Forbidden -+-+- {'content-length': '0', 'content-type': 'text/plain', 'date': 'Thu, 13 Nov 2025 02:40:51 GMT', 'set-cookie': 'ARRAffinity=bec1e06e53eec8d5c5f389b3597570d9375ce0ef48cc72401db89ecd02d82bd0;Path=/;HttpOnly;Secure;Domain=permitflow-ai-demo.azurewebsites.net; ARRAffinitySameSite=bec1e06e53eec8d5c5f389b3597570d9375ce0ef48cc72401db89ecd02d82bd0;Path=/;HttpOnly;SameSite=None;Secure;Domain=permitflow-ai-demo.azurewebsites.net'} -+-+- b'')",0.0
2025-11-14T02:40:20.349039,/,OK,294.1
2025-11-14T02:40:20.349039,/health,OK,273.3
2025-11-14T02:40:20.349039,/docs,OK,288.7
2025-11-14T02:40:20.349039,WebSocket,"ERROR(Handshake status 403 Forbidden -+-+- {'content-length': '0', 'content-type': 'text/plain', 'date': 'Fri, 14 Nov 2025 02:40:21 GMT', 'set-cookie': 'ARRAffinity=bec1e06e53eec8d5c5f389b3597570d9375ce0ef48cc72401db89ecd02d82bd0;Path=/;HttpOnly;Secure;Domain=permitflow-ai-demo.azurewebsites.net; ARRAffinitySameSite=bec1e06e53eec8d5c5f389b3597570d9375ce0ef48cc72401db89ecd02d82bd0;Path=/;HttpOnly;SameSite=None;Secure;Domain=permitflow-ai-demo.azurewebsites.net'} -+-+- b'')",0.0
2025-11-15T02:37:56.887197,/,OK,53.5
2025-11-15T02:37:56.887197,/health,OK,16.5
2025-11-15T02:37:56.887197,/docs,OK,21.4
2025-11-15T02:37:56.887197,WebSocket,"ERROR(Handshake status 403 Forbidden -+-+- {'content-length': '0', 'content-type': 'text/plain', 'date': 'Sat, 15 Nov 2025 02:37:57 GMT', 'set-cookie': 'ARRAffinity=054e68e4f06a3abf36846d5a25b939aad05f4601cbc4a2f4676cf33727589810;Path=/;HttpOnly;Secure;Domain=permitflow-ai-demo.azurewebsites.net; ARRAffinitySameSite=054e68e4f06a3abf36846d5a25b939aad05f4601cbc4a2f4676cf33727589810;Path=/;HttpOnly;SameSite=None;Secure;Domain=permitflow-ai-demo.azurewebsites.net'} -+-+- b'')",0.0
2025-11-16T02:42:03.512288,/,OK,348.0
2025-11-16T02:42:03.512288,/health,OK,287.5
2025-11-16T02:42:03.512288,/docs,OK,286.3
2025-11-16T02:42:03.512288,WebSocket,"ERROR(Handshake status 403 Forbidden -+-+- {'content-length': '0', 'content-type': 'text/plain', 'date': 'Sun, 16 Nov 2025 02:42:04 GMT', 'set-cookie': 'ARRAffinity=054e68e4f06a3abf36846d5a25b939aad05f4601cbc4a2f4676cf33727589810;Path=/;HttpOnly;Secure;Domain=permitflow-ai-demo.azurewebsites.net; ARRAffinitySameSite=054e68e4f06a3abf36846d5a25b939aad05f4601cbc4a2f4676cf33727589810;Path=/;HttpOnly;SameSite=None;Secure;Domain=permitflow-ai-demo.azurewebsites.net'} -+-+- b'')",0.0
2025-11-17T02:41:32.686041,/,OK,4709.4
2025-11-17T02:41:32.686041,/health,OK,108.8
2025-11-17T02:41:32.686041,/docs,OK,117.0
2025-11-17T02:41:32.686041,WebSocket,"ERROR(Handshake status 403 Forbidden -+-+- {'content-length': '0', 'content-type': 'text/plain', 'date': 'Mon, 17 Nov 2025 02:41:37 GMT', 'set-cookie': 'ARRAffinity=054e68e4f06a3abf36846d5a25b939aad05f4601cbc4a2f4676cf33727589810;Path=/;HttpOnly;Secure;Domain=permitflow-ai-demo.azurewebsites.net; ARRAffinitySameSite=054e68e4f06a3abf36846d5a25b939aad05f4601cbc4a2f4676cf33727589810;Path=/;HttpOnly;SameSite=None;Secure;Domain=permitflow-ai-demo.azurewebsites.net'} -+-+- b'')",0.0
2025-11-18T02:39:56.528266,/,OK,31.5
2025-11-18T02:39:56.528266,/health,OK,17.3
2025-11-18T02:39:56.528266,/docs,OK,19.4
2025-11-18T02:39:56.528266,WebSocket,"ERROR(Handshake status 403 Forbidden -+-+- {'content-length': '0', 'content-type': 'text/plain', 'date': 'Tue, 18 Nov 2025 02:39:56 GMT', 'set-cookie': 'ARRAffinity=054e68e4f06a3abf36846d5a25b939aad05f4601cbc4a2f4676cf33727589810;Path=/;HttpOnly;Secure;Domain=permitflow-ai-demo.azurewebsites.net; ARRAffinitySameSite=054e68e4f06a3abf36846d5a25b939aad05f4601cbc4a2f4676cf33727589810;Path=/;HttpOnly;SameSite=None;Secure;Domain=permitflow-ai-demo.azurewebsites.net'} -+-+- b'')",0.0
2025-11-19T02:39:56.801974,/,OK,335.3
2025-11-19T02:39:56.801974,/health,OK,297.8
2025-11-19T02:39:56.801974,/docs,OK,267.3
2025-11-19T02:39:56.801974,WebSocket,"ERROR(Handshake status 403 Forbidden -+-+- {'content-length': '0', 'content-type': 'text/plain', 'date': 'Wed, 19 Nov 2025 02:39:57 GMT', 'set-cookie': 'ARRAffinity=054e68e4f06a3abf36846d5a25b939aad05f4601cbc4a2f4676cf33727589810;Path=/;HttpOnly;Secure;Domain=permitflow-ai-demo.azurewebsites.net; ARRAffinitySameSite=054e68e4f06a3abf36846d5a25b939aad05f4601cbc4a2f4676cf33727589810;Path=/;HttpOnly;SameSite=None;Secure;Domain=permitflow-ai-demo.azurewebsites.net'} -+-+- b'')",0.0
2025-11-20T02:39:59.516984,/,OK,82.6
2025-11-20T02:39:59.516984,/health,OK,52.8
2025-11-20T02:39:59.516984,/docs,OK,48.4
2025-11-20T02:39:59.516984,WebSocket,"ERROR(Handshake status 403 Forbidden -+-+- {'content-length': '0', 'content-type': 'text/plain', 'date': 'Thu, 20 Nov 2025 02:39:59 GMT', 'set-cookie': 'ARRAffinity=054e68e4f06a3abf36846d5a25b939aad05f4601cbc4a2f4676cf33727589810;Path=/;HttpOnly;Secure;Domain=permitflow-ai-demo.azurewebsites.net; ARRAffinitySameSite=054e68e4f06a3abf36846d5a25b939aad05f4601cbc4a2f4676cf33727589810;Path=/;HttpOnly;SameSite=None;Secure;Domain=permitflow-ai-demo.azurewebsites.net'} -+-+- b'')",0.0
2025-11-21T02:39:56.549336,/,OK,213.8
2025-11-21T02:39:56.549336,/health,OK,197.5
2025-11-21T02:39:56.549336,/docs,OK,201.1
2025-11-21T02:39:56.549336,WebSocket,"ERROR(Handshake status 403 Forbidden -+-+- {'content-length': '0', 'content-type': 'text/plain', 'date': 'Fri, 21 Nov 2025 02:39:57 GMT', 'set-cookie': 'ARRAffinity=054e68e4f06a3abf36846d5a25b939aad05f4601cbc4a2f4676cf33727589810;Path=/;HttpOnly;Secure;Domain=permitflow-ai-demo.azurewebsites.net; ARRAffinitySameSite=054e68e4f06a3abf36846d5a25b939aad05f4601cbc4a2f4676cf33727589810;Path=/;HttpOnly;SameSite=None;Secure;Domain=permitflow-ai-demo.azurewebsites.net'} -+-+- b'')",0.0
2025-11-22T02:37:06.476205,/,OK,167.7
2025-11-22T02:37:06.476205,/health,OK,37.6
2025-11-22T02:37:06.476205,/docs,OK,40.2
2025-11-22T02:37:06.476205,WebSocket,"ERROR(Handshake status 403 Forbidden -+-+- {'content-length': '0', 'content-type': 'text/plain', 'date': 'Sat, 22 Nov 2025 02:37:06 GMT', 'set-cookie': 'ARRAffinity=054e68e4f06a3abf36846d5a25b939aad05f4601cbc4a2f4676cf33727589810;Path=/;HttpOnly;Secure;Domain=permitflow-ai-demo.azurewebsites.net; ARRAffinitySameSite=054e68e4f06a3abf36846d5a25b939aad05f4601cbc4a2f4676cf33727589810;Path=/;HttpOnly;SameSite=None;Secure;Domain=permitflow-ai-demo.azurewebsites.net'} -+-+- b'')",0.0
2025-11-23T02:47:34.950504,/,OK,5524.8
2025-11-23T02:47:34.950504,/health,OK,88.6
2025-11-23T02:47:34.950504,/docs,OK,59.6
2025-11-23T02:47:34.950504,WebSocket,"ERROR(Handshake status 403 Forbidden -+-+- {'content-length': '0', 'content-type': 'text/plain', 'date': 'Sun, 23 Nov 2025 02:47:40 GMT', 'set-cookie': 'ARRAffinity=b4cb01b492d8562a319989ea105d222aa9e012cc2de3db3ccf1cd0fea06e35dc;Path=/;HttpOnly;Secure;Domain=permitflow-ai-demo.azurewebsites.net; ARRAffinitySameSite=b4cb01b492d8562a319989ea105d222aa9e012cc2de3db3ccf1cd0fea06e35dc;Path=/;HttpOnly;SameSite=None;Secure;Domain=permitflow-ai-demo.azurewebsites.net'} -+-+- b'')",0.0
2025-11-24T02:44:34.786202,/,OK,244.3
2025-11-24T02:44:34.786202,/health,OK,236.6
2025-11-24T02:44:34.786202,/docs,OK,228.1
2025-11-24T02:44:34.786202,WebSocket,"ERROR(Handshake status 403 Forbidden -+-+- {'content-length': '0', 'content-type': 'text/plain', 'date': 'Mon, 24 Nov 2025 02:44:35 GMT', 'set-cookie': 'ARRAffinity=b4cb01b492d8562a319989ea105d222aa9e012cc2de3db3ccf1cd0fea06e35dc;Path=/;HttpOnly;Secure;Domain=permitflow-ai-demo.azurewebsites.net; ARRAffinitySameSite=b4cb01b492d8562a319989ea105d222aa9e012cc2de3db3ccf1cd0fea06e35dc;Path=/;HttpOnly;SameSite=None;Secure;Domain=permitflow-ai-demo.azurewebsites.net'} -+-+- b'')",0.0
2025-11-25T02:40:35.811943,/,OK,222.3
2025-11-25T02:40:35.811943,/health,OK,211.9
2025-11-25T02:40:35.811943,/docs,OK,208.0
2025-11-25T02:40:35.811943,WebSocket,"ERROR(Handshake status 403 Forbidden -+-+- {'content-length': '0', 'content-type': 'text/plain', 'date': 'Tue, 25 Nov 2025 02:40:36 GMT', 'set-cookie': 'ARRAffinity=b4cb01b492d8562a319989ea105d222aa9e012cc2de3db3ccf1cd0fea06e35dc;Path=/;HttpOnly;Secure;Domain=permitflow-ai-demo.azurewebsites.net; ARRAffinitySameSite=b4cb01b492d8562a319989ea105d222aa9e012cc2de3db3ccf1cd0fea06e35dc;Path=/;HttpOnly;SameSite=None;Secure;Domain=permitflow-ai-demo.azurewebsites.net'} -+-+- b'')",0.0
2025-11-26T02:41:03.511877,/,OK,215.6
2025-11-26T02:41:03.511877,/health,OK,207.7
2025-11-26T02:41:03.511877,/docs,OK,215.0
2025-11-26T02:41:03.511877,WebSocket,"ERROR(Handshake status 403 Forbidden -+-+- {'content-length': '0', 'content-type': 'text/plain', 'date': 'Wed, 26 Nov 2025 02:41:04 GMT', 'set-cookie': 'ARRAffinity=b4cb01b492d8562a319989ea105d222aa9e012cc2de3db3ccf1cd0fea06e35dc;Path=/;HttpOnly;Secure;Domain=permitflow-ai-demo.azurewebsites.net; ARRAffinitySameSite=b4cb01b492d8562a319989ea105d222aa9e012cc2de3db3ccf1cd0fea06e35dc;Path=/;HttpOnly;SameSite=None;Secure;Domain=permitflow-ai-demo.azurewebsites.net'} -+-+- b'')",0.0
2025-11-27T02:40:25.542096,/,OK,100.6
2025-11-27T02:40:25.542096,/health,OK,100.4
2025-11-27T02:40:25.542096,/docs,OK,92.6
2025-11-27T02:40:25.542096,WebSocket,"ERROR(Handshake status 403 Forbidden -+-+- {'content-length': '0', 'content-type': 'text/plain', 'date': 'Thu, 27 Nov 2025 02:40:25 GMT', 'set-cookie': 'ARRAffinity=b4cb01b492d8562a319989ea105d222aa9e012cc2de3db3ccf1cd0fea06e35dc;Path=/;HttpOnly;Secure;Domain=permitflow-ai-demo.azurewebsites.net; ARRAffinitySameSite=b4cb01b492d8562a319989ea105d222aa9e012cc2de3db3ccf1cd0fea06e35dc;Path=/;HttpOnly;SameSite=None;Secure;Domain=permitflow-ai-demo.azurewebsites.net'} -+-+- b'')",0.0
2025-11-28T02:39:42.058721,/,OK,125.9
2025-11-28T02:39:42.058721,/health,OK,95.8
2025-11-28T02:39:42.058721,/docs,OK,109.4
2025-11-28T02:39:42.058721,WebSocket,"ERROR(Handshake status 403 Forbidden -+-+- {'content-length': '0', 'content-type': 'text/plain', 'date': 'Fri, 28 Nov 2025 02:39:42 GMT', 'set-cookie': 'ARRAffinity=b4cb01b492d8562a319989ea105d222aa9e012cc2de3db3ccf1cd0fea06e35dc;Path=/;HttpOnly;Secure;Domain=permitflow-ai-demo.azurewebsites.net; ARRAffinitySameSite=b4cb01b492d8562a319989ea105d222aa9e012cc2de3db3ccf1cd0fea06e35dc;Path=/;HttpOnly;SameSite=None;Secure;Domain=permitflow-ai-demo.azurewebsites.net'} -+-+- b'')",0.0
2025-11-29T02:39:18.871248,/,OK,257.9
2025-11-29T02:39:18.871248,/health,OK,198.5
2025-11-29T02:39:18.871248,/docs,OK,194.6
2025-11-29T02:39:18.871248,WebSocket,"ERROR(Handshake status 403 Forbidden -+-+- {'content-length': '0', 'content-type': 'text/plain', 'date': 'Sat, 29 Nov 2025 02:39:19 GMT', 'set-cookie': 'ARRAffinity=b4cb01b492d8562a319989ea105d222aa9e012cc2de3db3ccf1cd0fea06e35dc;Path=/;HttpOnly;Secure;Domain=permitflow-ai-demo.azurewebsites.net; ARRAffinitySameSite=b4cb01b492d8562a319989ea105d222aa9e012cc2de3db3ccf1cd0fea06e35dc;Path=/;HttpOnly;SameSite=None;Secure;Domain=permitflow-ai-demo.azurewebsites.net'} -+-+- b'')",0.0
2025-11-30T02:46:48.321152,/,OK,48.9
2025-11-30T02:46:48.321152,/health,OK,38.1
2025-11-30T02:46:48.321152,/docs,OK,45.4
2025-11-30T02:46:48.321152,WebSocket,"ERROR(Handshake status 403 Forbidden -+-+- {'content-length': '0', 'content-type': 'text/plain', 'date': 'Sun, 30 Nov 2025 02:46:48 GMT', 'set-cookie': 'ARRAffinity=b4cb01b492d8562a319989ea105d222aa9e012cc2de3db3ccf1cd0fea06e35dc;Path=/;HttpOnly;Secure;Domain=permitflow-ai-demo.azurewebsites.net; ARRAffinitySameSite=b4cb01b492d8562a319989ea105d222aa9e012cc2de3db3ccf1cd0fea06e35dc;Path=/;HttpOnly;SameSite=None;Secure;Domain=permitflow-ai-demo.azurewebsites.net'} -+-+- b'')",0.0
2025-12-01T02:55:14.883394,/,OK,68.3
2025-12-01T02:55:14.883394,/health,OK,34.9
2025-12-01T02:55:14.883394,/docs,OK,35.5
2025-12-01T02:55:14.883394,WebSocket,"ERROR(Handshake status 403 Forbidden -+-+- {'content-length': '0', 'content-type': 'text/plain', 'date': 'Mon, 01 Dec 2025 02:55:15 GMT', 'set-cookie': 'ARRAffinity=b4cb01b492d8562a319989ea105d222aa9e012cc2de3db3ccf1cd0fea06e35dc;Path=/;HttpOnly;Secure;Domain=permitflow-ai-demo.azurewebsites.net; ARRAffinitySameSite=b4cb01b492d8562a319989ea105d222aa9e012cc2de3db3ccf1cd0fea06e35dc;Path=/;HttpOnly;SameSite=None;Secure;Domain=permitflow-ai-demo.azurewebsites.net'} -+-+- b'')",0.0
2025-12-02T02:41:46.695393,/,OK,304.4
2025-12-02T02:41:46.695393,/health,OK,283.4
2025-12-02T02:41:46.695393,/docs,OK,282.7
2025-12-02T02:41:46.695393,WebSocket,"ERROR(Handshake status 403 Forbidden -+-+- {'content-length': '0', 'content-type': 'text/plain', 'date': 'Tue, 02 Dec 2025 02:41:47 GMT', 'set-cookie': 'ARRAffinity=b4cb01b492d8562a319989ea105d222aa9e012cc2de3db3ccf1cd0fea06e35dc;Path=/;HttpOnly;Secure;Domain=permitflow-ai-demo.azurewebsites.net; ARRAffinitySameSite=b4cb01b492d8562a319989ea105d222aa9e012cc2de3db3ccf1cd0fea06e35dc;Path=/;HttpOnly;SameSite=None;Secure;Domain=permitflow-ai-demo.azurewebsites.net'} -+-+- b'')",0.0
2025-12-03T02:41:34.232323,/,OK,80.2
2025-12-03T02:41:34.232323,/health,OK,36.8
2025-12-03T02:41:34.232323,/docs,OK,35.9
2025-12-03T02:41:34.232323,WebSocket,"ERROR(Handshake status 403 Forbidden -+-+- {'content-length': '0', 'content-type': 'text/plain', 'date': 'Wed, 03 Dec 2025 02:41:34 GMT', 'set-cookie': 'ARRAffinity=b4cb01b492d8562a319989ea105d222aa9e012cc2de3db3ccf1cd0fea06e35dc;Path=/;HttpOnly;Secure;Domain=permitflow-ai-demo.azurewebsites.net; ARRAffinitySameSite=b4cb01b492d8562a319989ea105d222aa9e012cc2de3db3ccf1cd0fea06e35dc;Path=/;HttpOnly;SameSite=None;Secure;Domain=permitflow-ai-demo.azurewebsites.net'} -+-+- b'')",0.0
2025-12-04T02:41:40.571059,/,OK,139.7
2025-12-04T02:41:40.571059,/health,OK,137.6
2025-12-04T02:41:40.571059,/docs,OK,151.8
2025-12-04T02:41:40.571059,WebSocket,"ERROR(Handshake status 403 Forbidden -+-+- {'content-length': '0', 'content-type': 'text/plain', 'date': 'Thu, 04 Dec 2025 02:41:41 GMT', 'set-cookie': 'ARRAffinity=b4cb01b492d8562a319989ea105d222aa9e012cc2de3db3ccf1cd0fea06e35dc;Path=/;HttpOnly;Secure;Domain=permitflow-ai-demo.azurewebsites.net; ARRAffinitySameSite=b4cb01b492d8562a319989ea105d222aa9e012cc2de3db3ccf1cd0fea06e35dc;Path=/;HttpOnly;SameSite=None;Secure;Domain=permitflow-ai-demo.azurewebsites.net'} -+-+- b'')",0.0
2025-12-05T02:42:15.808255,/,OK,313.1
2025-12-05T02:42:15.808255,/health,OK,276.9
2025-12-05T02:42:15.808255,/docs,OK,284.3
2025-12-05T02:42:15.808255,WebSocket,"ERROR(Handshake status 403 Forbidden -+-+- {'content-length': '0', 'content-type': 'text/plain', 'date': 'Fri, 05 Dec 2025 02:42:16 GMT', 'set-cookie': 'ARRAffinity=b4cb01b492d8562a319989ea105d222aa9e012cc2de3db3ccf1cd0fea06e35dc;Path=/;HttpOnly;Secure;Domain=permitflow-ai-demo.azurewebsites.net; ARRAffinitySameSite=b4cb01b492d8562a319989ea105d222aa9e012cc2de3db3ccf1cd0fea06e35dc;Path=/;HttpOnly;SameSite=None;Secure;Domain=permitflow-ai-demo.azurewebsites.net'} -+-+- b'')",0.0
2025-12-06T02:38:52.331520,/,OK,154.6
2025-12-06T02:38:52.331520,/health,OK,371.9
2025-12-06T02:38:52.331520,/docs,OK,96.1
2025-12-06T02:38:52.331520,WebSocket,"ERROR(Handshake status 403 Forbidden -+-+- {'content-length': '0', 'content-type': 'text/plain', 'date': 'Sat, 06 Dec 2025 02:38:53 GMT', 'set-cookie': 'ARRAffinity=b4cb01b492d8562a319989ea105d222aa9e012cc2de3db3ccf1cd0fea06e35dc;Path=/;HttpOnly;Secure;Domain=permitflow-ai-demo.azurewebsites.net; ARRAffinitySameSite=b4cb01b492d8562a319989ea105d222aa9e012cc2de3db3ccf1cd0fea06e35dc;Path=/;HttpOnly;SameSite=None;Secure;Domain=permitflow-ai-demo.azurewebsites.net'} -+-+- b'')",0.0
2025-12-07T02:47:10.053651,/,OK,95.0
2025-12-07T02:47:10.053651,/health,OK,40.1
2025-12-07T02:47:10.053651,/docs,OK,50.0
2025-12-07T02:47:10.053651,WebSocket,"ERROR(Handshake status 403 Forbidden -+-+- {'content-length': '0', 'content-type': 'text/plain', 'date': 'Sun, 07 Dec 2025 02:47:10 GMT', 'set-cookie': 'ARRAffinity=b4cb01b492d8562a319989ea105d222aa9e012cc2de3db3ccf1cd0fea06e35dc;Path=/;HttpOnly;Secure;Domain=permitflow-ai-demo.azurewebsites.net; ARRAffinitySameSite=b4cb01b492d8562a319989ea105d222aa9e012cc2de3db3ccf1cd0fea06e35dc;Path=/;HttpOnly;SameSite=None;Secure;Domain=permitflow-ai-demo.azurewebsites.net'} -+-+- b'')",0.0
2025-12-08T02:42:54.096949,/,OK,27.7
2025-12-08T02:42:54.096949,/health,OK,18.1
2025-12-08T02:42:54.096949,/docs,OK,16.1
2025-12-08T02:42:54.096949,WebSocket,"ERROR(Handshake status 403 Forbidden -+-+- {'content-length': '0', 'content-type': 'text/plain', 'date': 'Mon, 08 Dec 2025 02:42:54 GMT', 'set-cookie': 'ARRAffinity=b11066f3267a7e6498984ab6d3b7a2745eba6596408cd3418260e10128c4799c;Path=/;HttpOnly;Secure;Domain=permitflow-ai-demo.azurewebsites.net; ARRAffinitySameSite=b11066f3267a7e6498984ab6d3b7a2745eba6596408cd3418260e10128c4799c;Path=/;HttpOnly;SameSite=None;Secure;Domain=permitflow-ai-demo.azurewebsites.net'} -+-+- b'')",0.0
2025-12-09T02:41:48.515122,/,OK,30.3
2025-12-09T02:41:48.515122,/health,OK,17.9
2025-12-09T02:41:48.515122,/docs,OK,15.7
2025-12-09T02:41:48.515122,WebSocket,"ERROR(Handshake status 403 Forbidden -+-+- {'content-length': '0', 'content-type': 'text/plain', 'date': 'Tue, 09 Dec 2025 02:41:48 GMT', 'set-cookie': 'ARRAffinity=b11066f3267a7e6498984ab6d3b7a2745eba6596408cd3418260e10128c4799c;Path=/;HttpOnly;Secure;Domain=permitflow-ai-demo.azurewebsites.net; ARRAffinitySameSite=b11066f3267a7e6498984ab6d3b7a2745eba6596408cd3418260e10128c4799c;Path=/;HttpOnly;SameSite=None;Secure;Domain=permitflow-ai-demo.azurewebsites.net'} -+-+- b'')",0.0
2025-12-10T02:43:38.848772,/,OK,206.2
2025-12-10T02:43:38.848772,/health,OK,214.0
2025-12-10T02:43:38.848772,/docs,OK,200.9
2025-12-10T02:43:38.848772,WebSocket,"ERROR(Handshake status 403 Forbidden -+-+- {'content-length': '0', 'content-type': 'text/plain', 'date': 'Wed, 10 Dec 2025 02:43:39 GMT', 'set-cookie': 'ARRAffinity=b11066f3267a7e6498984ab6d3b7a2745eba6596408cd3418260e10128c4799c;Path=/;HttpOnly;Secure;Domain=permitflow-ai-demo.azurewebsites.net; ARRAffinitySameSite=b11066f3267a7e6498984ab6d3b7a2745eba6596408cd3418260e10128c4799c;Path=/;HttpOnly;SameSite=None;Secure;Domain=permitflow-ai-demo.azurewebsites.net'} -+-+- b'')",0.0
2025-12-11T02:44:36.523858,/,OK,155.3
2025-12-11T02:44:36.523858,/health,OK,152.4
2025-12-11T02:44:36.523858,/docs,OK,125.9
2025-12-11T02:44:36.523858,WebSocket,"ERROR(Handshake status 403 Forbidden -+-+- {'content-length': '0', 'content-type': 'text/plain', 'date': 'Thu, 11 Dec 2025 02:44:37 GMT', 'set-cookie': 'ARRAffinity=b11066f3267a7e6498984ab6d3b7a2745eba6596408cd3418260e10128c4799c;Path=/;HttpOnly;Secure;Domain=permitflow-ai-demo.azurewebsites.net; ARRAffinitySameSite=b11066f3267a7e6498984ab6d3b7a2745eba6596408cd3418260e10128c4799c;Path=/;HttpOnly;SameSite=None;Secure;Domain=permitflow-ai-demo.azurewebsites.net'} -+-+- b'')",0.0
2025-12-12T02:44:05.886632,/,OK,258.8
2025-12-12T02:44:05.886632,/health,OK,202.1
2025-12-12T02:44:05.886632,/docs,OK,196.7
2025-12-12T02:44:05.886632,WebSocket,"ERROR(Handshake status 403 Forbidden -+-+- {'content-length': '0', 'content-type': 'text/plain', 'date': 'Fri, 12 Dec 2025 02:44:06 GMT', 'set-cookie': 'ARRAffinity=b11066f3267a7e6498984ab6d3b7a2745eba6596408cd3418260e10128c4799c;Path=/;HttpOnly;Secure;Domain=permitflow-ai-demo.azurewebsites.net; ARRAffinitySameSite=b11066f3267a7e6498984ab6d3b7a2745eba6596408cd3418260e10128c4799c;Path=/;HttpOnly;SameSite=None;Secure;Domain=permitflow-ai-demo.azurewebsites.net'} -+-+- b'')",0.0
2025-12-13T02:40:56.637561,/,OK,41.2
2025-12-13T02:40:56.637561,/health,OK,42.3
2025-12-13T02:40:56.637561,/docs,OK,34.0
2025-12-13T02:40:56.637561,WebSocket,"ERROR(Handshake status 403 Forbidden -+-+- {'content-length': '0', 'content-type': 'text/plain', 'date': 'Sat, 13 Dec 2025 02:40:56 GMT', 'set-cookie': 'ARRAffinity=b11066f3267a7e6498984ab6d3b7a2745eba6596408cd3418260e10128c4799c;Path=/;HttpOnly;Secure;Domain=permitflow-ai-demo.azurewebsites.net; ARRAffinitySameSite=b11066f3267a7e6498984ab6d3b7a2745eba6596408cd3418260e10128c4799c;Path=/;HttpOnly;SameSite=None;Secure;Domain=permitflow-ai-demo.azurewebsites.net'} -+-+- b'')",0.0
